{
  "hash": "ad652e72",
  "configHash": "5f4e83e4",
  "lockfileHash": "ddd2a1ef",
  "browserHash": "b438153c",
  "optimized": {
    "@angular/common": {
      "src": "../../../../../../node_modules/@angular/common/fesm2022/common.mjs",
      "file": "@angular_common.js",
      "fileHash": "3647493a",
      "needsInterop": false
    },
    "@angular/common/http": {
      "src": "../../../../../../node_modules/@angular/common/fesm2022/http.mjs",
      "file": "@angular_common_http.js",
      "fileHash": "89dc2746",
      "needsInterop": false
    },
    "@angular/core": {
      "src": "../../../../../../node_modules/@angular/core/fesm2022/core.mjs",
      "file": "@angular_core.js",
      "fileHash": "cf671935",
      "needsInterop": false
    },
    "@angular/forms": {
      "src": "../../../../../../node_modules/@angular/forms/fesm2022/forms.mjs",
      "file": "@angular_forms.js",
      "fileHash": "1e014ea6",
      "needsInterop": false
    },
    "@angular/platform-browser": {
      "src": "../../../../../../node_modules/@angular/platform-browser/fesm2022/platform-browser.mjs",
      "file": "@angular_platform-browser.js",
      "fileHash": "d24a263d",
      "needsInterop": false
    },
    "@angular/router": {
      "src": "../../../../../../node_modules/@angular/router/fesm2022/router.mjs",
      "file": "@angular_router.js",
      "fileHash": "0d76e38c",
      "needsInterop": false
    }
  },
  "chunks": {
    "chunk-4HZEUQPS": {
      "file": "chunk-4HZEUQPS.js"
    },
    "chunk-FJ4HKF4Y": {
      "file": "chunk-FJ4HKF4Y.js"
    },
    "chunk-RVFWUEK7": {
      "file": "chunk-RVFWUEK7.js"
    },
    "chunk-J4FG4UM7": {
      "file": "chunk-J4FG4UM7.js"
    },
    "chunk-GVOLZD3T": {
      "file": "chunk-GVOLZD3T.js"
    }
  }
}