{
  "hash": "d9021cdc",
  "configHash": "76bd83eb",
  "lockfileHash": "836e14f7",
  "browserHash": "29a5b215",
  "optimized": {
    "@angular/common": {
      "src": "../../../../../../node_modules/@angular/common/fesm2022/common.mjs",
      "file": "@angular_common.js",
      "fileHash": "879d5047",
      "needsInterop": false
    },
    "@angular/common/http": {
      "src": "../../../../../../node_modules/@angular/common/fesm2022/http.mjs",
      "file": "@angular_common_http.js",
      "fileHash": "e6fba936",
      "needsInterop": false
    },
    "@angular/core": {
      "src": "../../../../../../node_modules/@angular/core/fesm2022/core.mjs",
      "file": "@angular_core.js",
      "fileHash": "04e4e707",
      "needsInterop": false
    },
    "@angular/forms": {
      "src": "../../../../../../node_modules/@angular/forms/fesm2022/forms.mjs",
      "file": "@angular_forms.js",
      "fileHash": "f4986877",
      "needsInterop": false
    },
    "@angular/platform-browser": {
      "src": "../../../../../../node_modules/@angular/platform-browser/fesm2022/platform-browser.mjs",
      "file": "@angular_platform-browser.js",
      "fileHash": "07b4177e",
      "needsInterop": false
    },
    "@angular/router": {
      "src": "../../../../../../node_modules/@angular/router/fesm2022/router.mjs",
      "file": "@angular_router.js",
      "fileHash": "0e026b27",
      "needsInterop": false
    }
  },
  "chunks": {
    "chunk-B4INV7MS": {
      "file": "chunk-B4INV7MS.js"
    },
    "chunk-HI5LYNPZ": {
      "file": "chunk-HI5LYNPZ.js"
    },
    "chunk-YHLJATRA": {
      "file": "chunk-YHLJATRA.js"
    },
    "chunk-4LNBP2NR": {
      "file": "chunk-4LNBP2NR.js"
    },
    "chunk-N6SXN66H": {
      "file": "chunk-N6SXN66H.js"
    }
  }
}